Isoleucine,I,ATT,I,Isoleucine
Isoleucine,I,ATC,I,Isoleucine
Isoleucine,I,ATA,I,Isoleucine
Leucine,L,CTT,L,Leucine
Leucine,L,CTC,L,Leucine
Leucine,L,CTA,L,Leucine
Leucine,L,CTG,L,Leucine
Leucine,L,TTA,L,Leucine
Leucine,L,TTG,L,Leucine
Valine,V,GTT,V,Valine
Valine,V,GTC,V,Valine
Valine,V,GTA,V,Valine
Valine,V,GTG,V,Valine
Phenylalanine,F,TTT,F,Phenylalanine
Phenylalanine,F,TTC,F,Phenylalanine
Methionine,M,ATG,M,Methionine
Cysteine,C,TGT,C,Cysteine
Cysteine,C,TGC,C,Cysteine
Alanine,A,GCT,A,Alanine
Alanine,A,GCC,A,Alanine
Alanine,A,GCA,A,Alanine
Alanine,A,GCG,A,Alanine
Glycine,G,GGT,G,Glycine
Glycine,G,GGC,G,Glycine
Glycine,G,GGA,G,Glycine
Glycine,G,GGG,G,Glycine
Proline,P,CCT,P,Proline
Proline,P,CCC,P,Proline
Proline,P,CCA,P,Proline
Proline,P,CCG,P,Proline
Threonine,T,ACT,T,Threonine
Threonine,T,ACC,T,Threonine
Threonine,T,ACA,T,Threonine
Threonine,T,ACG,T,Threonine
Serine,S,TCT,S,Serine
Serine,S,TCC,S,Serine
Serine,S,TCA,S,Serine
Serine,S,TCG,S,Serine
Serine,S,AGT,S,Serine
Serine,S,AGC,S,Serine
Tyrosine,Y,TAT,Y,Tyrosine
Tyrosine,Y,TAC,Y,Tyrosine
Tryptophan,W,TGG,W,Tryptophan
Glutamine,Q,CAA,Q,Glutamine
Glutamine,Q,CAG,Q,Glutamine
Asparagine,N,AAT,N,Asparagine
Asparagine,N,AAC,N,Asparagine
Histidine,H,CAT,H,Histidine
Histidine,H,CAC,H,Histidine
Glutamic acid,E,GAA,E,Glutamic acid
Glutamic acid,E,GAG,E,Glutamic acid
Aspartic acid,D,GAT,D,Aspartic acid
Aspartic acid,D,GAC,D,Aspartic acid
Lysine,K,AAA,K,Lysine
Lysine,K,AAG,K,Lysine
Arginine,R,CGT,R,Arginine
Arginine,R,CGC,R,Arginine
Arginine,R,CGA,R,Arginine
Arginine,R,CGG,R,Arginine
Arginine,R,AGA,R,Arginine
Arginine,R,AGG,R,Arginine
Stop codons,X,TAA,X,Stop codons
Stop codons,X,TAG,X,Stop codons
Stop codons,X,TGA,X,Stop codons
Unk,?,ANN,?,Unk
Unk,?,TNN,?,Unk
Unk,?,CNN,?,Unk
Unk,?,GNN,?,Unk
Unk,?,NNN,?,Unk
